{"step":25000,"_timestamp":1.7775950277035997e+09,"_wandb":{"runtime":335},"_runtime":335,"_step":49,"loss":0.25500751860265153,"lr":0.0001}