{"_wandb":{"runtime":999},"_runtime":999,"loss":0.027695952027279418,"lr":0.0001,"step":25000,"_timestamp":1.7783856977933457e+09,"_step":49}