{"_step":49,"_wandb":{"runtime":1085},"_runtime":1085,"loss":0.7637276866585017,"lr":0.0001,"step":25000,"_timestamp":1.7783979820580616e+09}