{"loss":1.2074158987998962,"lr":0.0001,"step":25000,"_timestamp":1.7772810035674975e+09,"_wandb":{"runtime":463},"_runtime":463,"_step":49}