{"_runtime":3973,"loss":0.06431900292634964,"lr":1e-05,"step":100000,"_timestamp":1.777350475311006e+09,"_step":199,"_wandb":{"runtime":3973}}