{"loss":0.21993342632055282,"lr":0.0001,"step":25000,"_timestamp":1.77727743305585e+09,"_wandb":{"runtime":465},"_runtime":465,"_step":49}