{"_runtime":445,"_step":49,"loss":0.9419227650761605,"lr":0.0001,"step":25000,"_timestamp":1.7772709107363262e+09,"_wandb":{"runtime":445}}