{"step":25000,"_timestamp":1.7772767200863643e+09,"_wandb":{"runtime":554},"_runtime":554,"_step":49,"loss":0.8220478082299233,"lr":0.0001}