{"loss":0.700203262001276,"lr":0.0001,"step":25000,"_timestamp":1.7783922154941673e+09,"_wandb":{"runtime":3746},"_runtime":3746,"_step":49}