{"loss":0.6959962844848633,"lr":0.0001,"step":25000,"_timestamp":1.7772689557202797e+09,"_wandb":{"runtime":434},"_runtime":434,"_step":49}