{"_timestamp":1.778383372976796e+09,"_step":49,"_wandb":{"runtime":881},"_runtime":881,"loss":0.43844924676418306,"lr":0.0001,"step":25000}