{"loss":0.7873348453305662,"lr":0.0001,"step":25000,"_timestamp":1.778388078510006e+09,"_step":49,"_wandb":{"runtime":976},"_runtime":976}