{"_runtime":416,"_step":49,"loss":0.016020367878325486,"lr":0.0001,"step":25000,"_timestamp":1.7775537777956169e+09,"_wandb":{"runtime":416}}