{"lr":0.0001,"step":25000,"_timestamp":1.777271623310516e+09,"_wandb":{"runtime":454},"_runtime":454,"_step":49,"loss":0.9211741663217544}