{"step":25000,"_timestamp":1.7783947903361218e+09,"_step":49,"loss":0.6555557269752026,"lr":0.0001,"_wandb":{"runtime":997},"_runtime":997}