{"loss":0.07322568130493164,"lr":0.0001,"step":25000,"_timestamp":1.777346129259502e+09,"_step":49,"_wandb":{"runtime":929},"_runtime":929}