{"_step":49,"loss":279.78100486385824,"lr":0.0001,"step":25000,"_timestamp":1.7772790931264918e+09,"_wandb":{"runtime":485},"_runtime":485}