{"_runtime":1050,"_timestamp":1.7783967858127825e+09,"_step":49,"loss":0.7343101147897542,"lr":0.0001,"step":25000,"_wandb":{"runtime":1050}}