{"_timestamp":1.7772697998839967e+09,"_step":49,"_wandb":{"runtime":446},"_runtime":446,"loss":0.8413097826838494,"lr":0.0001,"step":25000}