{"lr":5e-06,"step":100000,"_timestamp":1.7773579601537983e+09,"_wandb":{"runtime":6565},"_runtime":6565,"_step":199,"loss":0.06832552460581064}