{"lr":0.0001,"step":25000,"_timestamp":1.7773444652142823e+09,"_wandb":{"runtime":1056},"_runtime":1056,"_step":49,"loss":0.06813631100952625}