{"_wandb":{"runtime":468},"_runtime":468,"loss":4.7874900312423705,"lr":0.0001,"step":25000,"_timestamp":1.7772800160492206e+09,"_step":49}