{"loss":1.0337873007059097,"_wandb":{"runtime":759},"_runtime":759,"lr":0.0001,"step":25000,"_timestamp":1.7776011265579813e+09,"_step":49}