{"_wandb":{"runtime":136},"_runtime":136,"loss":0.445015322974883,"lr":0.0009299475664757721,"step":4500,"_timestamp":1.7783823294208913e+09,"_step":8}