{"_wandb":{"runtime":769},"_runtime":769,"loss":1.0616418586671352,"lr":0.0001,"step":25000,"_timestamp":1.7783809345579767e+09,"_step":49}