{"_step":49,"loss":0.8020229383483529,"lr":0.0001,"_wandb":{"runtime":872},"_runtime":872,"step":25000,"_timestamp":1.7783933870662193e+09}